wordpiece,tokenized by BERTOverflow
[HASH],[ hash ]
[CODE],[ code ]
[USER],[ user ]
A,a
C,c
D,d
E,e
H,h
O,o
R,r
S,s
U,u
Çƒ,[UNK]
á…£,[UNK]
á•¦,[UNK]
â„¹,[UNK]
â†˜,[UNK]
â†™,[UNK]
â³,[UNK]
â”„,[UNK]
â”†,[UNK]
â–Š,[UNK]
â˜,[UNK]
âš¡,[UNK]
âœŒ,[UNK]
âœ,[UNK]
âœ¨,[UNK]
âŒ,[UNK]
â“,[UNK]
âŸ,[UNK]
â¤,[UNK]
â­,[UNK]
â¸®,[UNK]
ã‚£,[UNK]
ä¸,[UNK]
ä¸”,[UNK]
ä¸š,[UNK]
ä¸¤,[UNK]
ä¸º,[UNK]
ä¸»,[UNK]
ä¹‰,[UNK]
ä¹‹,[UNK]
ä¹Ÿ,[UNK]
ä¹ ,[UNK]
ä¹¦,[UNK]
äº‹,[UNK]
äº,[UNK]
äº›,[UNK]
äº¤,[UNK]
äº«,[UNK]
ä»€,[UNK]
ä»,[UNK]
ä»–,[UNK]
ä»£,[UNK]
ä»¤,[UNK]
ä»¬,[UNK]
ä»»,[UNK]
ä¼˜,[UNK]
ä¼ ,[UNK]
ä¼¼,[UNK]
ä½†,[UNK]
ä½•,[UNK]
ä¾‹,[UNK]
ä¾›,[UNK]
ä¾,[UNK]
ä¾¿,[UNK]
ä¿,[UNK]
ä¿®,[UNK]
å€™,[UNK]
å€¼,[UNK]
åš,[UNK]
åœ,[UNK]
å‚²,[UNK]
åƒ,[UNK]
å…ƒ,[UNK]
å…ˆ,[UNK]
å…‹,[UNK]
å…³,[UNK]
å…¶,[UNK]
å…·,[UNK]
å†…,[UNK]
å†,[UNK]
å†™,[UNK]
å†³,[UNK]
å†µ,[UNK]
å‡ ,[UNK]
å‡»,[UNK]
å‡½,[UNK]
åˆ‡,[UNK]
åˆ—,[UNK]
åˆ™,[UNK]
åˆ›,[UNK]
åˆ,[UNK]
åˆ ,[UNK]
åˆ©,[UNK]
åˆ«,[UNK]
åˆ¶,[UNK]
åŠŸ,[UNK]
åŠ ,[UNK]
åŠ¡,[UNK]
åŠ¨,[UNK]
åŠ©,[UNK]
åŒ…,[UNK]
åŒ–,[UNK]
åŒº,[UNK]
å,[UNK]
å‡,[UNK]
åˆ,[UNK]
å,[UNK]
å•,[UNK]
åš,[UNK]
å¡,[UNK]
å³,[UNK]
åŸ,[UNK]
å»,[UNK]
åŠ,[UNK]
å,[UNK]
å–,[UNK]
å˜,[UNK]
å¥,[UNK]
åª,[UNK]
å°,[UNK]
åˆ,[UNK]
åŒ,[UNK]
å,[UNK]
å‘,[UNK]
å—,[UNK]
å¦,[UNK]
å§,[UNK]
å¯,[UNK]
å‘Š,[UNK]
å‘˜,[UNK]
å‘¢,[UNK]
å‘¨,[UNK]
å‘º,[UNK]
å‘½,[UNK]
å“,[UNK]
å“ª,[UNK]
å•Š,[UNK]
å–œ,[UNK]
å™¨,[UNK]
å›,[UNK]
å› ,[UNK]
å›¾,[UNK]
å€,[UNK]
å—,[UNK]
å‹,[UNK]
åŸŸ,[UNK]
åŸº,[UNK]
å¡«,[UNK]
å¢ƒ,[UNK]
å¢,[UNK]
å¤„,[UNK]
å¤‡,[UNK]
å¤,[UNK]
å¤Ÿ,[UNK]
å¤ª,[UNK]
å¤±,[UNK]
å¤´,[UNK]
å¦‚,[UNK]
å§‹,[UNK]
å­˜,[UNK]
å®ƒ,[UNK]
å®Œ,[UNK]
å®˜,[UNK]
å®,[UNK]
å®¢,[UNK]
å®¶,[UNK]
å®¹,[UNK]
å¯†,[UNK]
å¯¹,[UNK]
å¯¼,[UNK]
å°†,[UNK]
å°,[UNK]
å°‘,[UNK]
å°”,[UNK]
å°±,[UNK]
å±‚,[UNK]
å±,[UNK]
å±•,[UNK]
å±,[UNK]
å·¥,[UNK]
å·±,[UNK]
å·²,[UNK]
å¸ƒ,[UNK]
å¸Œ,[UNK]
å¸¦,[UNK]
å¸®,[UNK]
å¸¸,[UNK]
å¹•,[UNK]
å¹³,[UNK]
å¹¶,[UNK]
åº,[UNK]
åº“,[UNK]
åº”,[UNK]
åº¦,[UNK]
å»º,[UNK]
å¼‚,[UNK]
å¼,[UNK]
å¼•,[UNK]
å¼º,[UNK]
å½“,[UNK]
å½•,[UNK]
å½±,[UNK]
å¾„,[UNK]
å¾ˆ,[UNK]
å¾—,[UNK]
å¾®,[UNK]
å¾·,[UNK]
å¿ƒ,[UNK]
å¿…,[UNK]
å¿—,[UNK]
å¿«,[UNK]
æ€,[UNK]
æ€,[UNK]
æ€,[UNK]
æ€§,[UNK]
æ€»,[UNK]
æ­,[UNK]
æ¯,[UNK]
æ‚¨,[UNK]
æƒ…,[UNK]
æƒ³,[UNK]
æ„,[UNK]
æ„Ÿ,[UNK]
æˆ–,[UNK]
æˆ˜,[UNK]
æˆª,[UNK]
æˆ·,[UNK]
æ‰‹,[UNK]
æ‰,[UNK]
æ‰“,[UNK]
æ‰§,[UNK]
æ‰¾,[UNK]
æŠ€,[UNK]
æŠ„,[UNK]
æŠŠ,[UNK]
æŠ¥,[UNK]
æ‹‰,[UNK]
æ‹©,[UNK]
æ‹¿,[UNK]
æŒ,[UNK]
æŒ‡,[UNK]
æŒ‰,[UNK]
æŒ‘,[UNK]
æ¢,[UNK]
æ®,[UNK]
æ‰,[UNK]
æ’,[UNK]
æ§,[UNK]
æ¨,[UNK]
æ,[UNK]
æ,[UNK]
æ’,[UNK]
æœ,[UNK]
æ’­,[UNK]
æ“,[UNK]
æ”¯,[UNK]
æ”¶,[UNK]
æ”¹,[UNK]
æ”¾,[UNK]
æ•ˆ,[UNK]
æ•™,[UNK]
æ•´,[UNK]
æ–­,[UNK]
æ–¯,[UNK]
æ˜“,[UNK]
æ˜Ÿ,[UNK]
æ˜¾,[UNK]
æ›´,[UNK]
æœ,[UNK]
æœ›,[UNK]
æœŸ,[UNK]
æœº,[UNK]
æƒ,[UNK]
æ¡,[UNK]
æ¥,[UNK]
æ¿,[UNK]
æ„,[UNK]
æ,[UNK]
æ¶,[UNK]
æŸ¥,[UNK]
æ ‡,[UNK]
æ ·,[UNK]
æ ¹,[UNK]
æ ¼,[UNK]
æ¡†,[UNK]
æ¡ˆ,[UNK]
æ¡£,[UNK]
æ£€,[UNK]
æ¨¡,[UNK]
æ¬¡,[UNK]
æ­¢,[UNK]
æ­£,[UNK]
æ­¤,[UNK]
æ­¥,[UNK]
æ®µ,[UNK]
æ¯”,[UNK]
æ±‚,[UNK]
æ²¡,[UNK]
æ³¨,[UNK]
æµ,[UNK]
æµ,[UNK]
æ¶ˆ,[UNK]
æ·»,[UNK]
æ¸…,[UNK]
æº,[UNK]
ç‚¹,[UNK]
ç„¶,[UNK]
ç…§,[UNK]
çˆ¬,[UNK]
çˆ·,[UNK]
çˆ¾,[UNK]
ç‰‡,[UNK]
ç‰ˆ,[UNK]
ç‰¹,[UNK]
çŠ¶,[UNK]
çŒ«,[UNK]
ç¯,[UNK]
ç°,[UNK]
ç”±,[UNK]
ç”µ,[UNK]
ç™»,[UNK]
ç›´,[UNK]
ç›¸,[UNK]
çœ‹,[UNK]
çœŸ,[UNK]
çŸ¥,[UNK]
ç¡®,[UNK]
ç¤º,[UNK]
ç¤¾,[UNK]
ç§,[UNK]
ç§»,[UNK]
ç©º,[UNK]
ç«™,[UNK]
ç« ,[UNK]
ç¬¦,[UNK]
ç­‰,[UNK]
ç­”,[UNK]
ç­¾,[UNK]
ç®€,[UNK]
ç®—,[UNK]
ç®¡,[UNK]
ç±»,[UNK]
ç³»,[UNK]
ç´ ,[UNK]
ç´¢,[UNK]
çº§,[UNK]
çº¿,[UNK]
ç»„,[UNK]
ç»†,[UNK]
ç»,[UNK]
ç»“,[UNK]
ç»™,[UNK]
ç»œ,[UNK]
ç»Ÿ,[UNK]
ç»§,[UNK]
ç»­,[UNK]
ç¼–,[UNK]
ç½‘,[UNK]
ç¿»,[UNK]
è€ƒ,[UNK]
è€…,[UNK]
è€Œ,[UNK]
è„š,[UNK]
è‡´,[UNK]
è‰²,[UNK]
èŠ‚,[UNK]
è‹±,[UNK]
èŒƒ,[UNK]
è·,[UNK]
è–‡,[UNK]
è–›,[UNK]
è¡¨,[UNK]
è¢«,[UNK]
è£…,[UNK]
è§,[UNK]
è§„,[UNK]
è§†,[UNK]
è§ˆ,[UNK]
è¨€,[UNK]
è®¡,[UNK]
è®¤,[UNK]
è®®,[UNK]
è®°,[UNK]
è®º,[UNK]
è®¾,[UNK]
è®¿,[UNK]
è¯,[UNK]
è¯†,[UNK]
è¯,[UNK]
è¯‘,[UNK]
è¯,[UNK]
è¯¢,[UNK]
è¯¥,[UNK]
è¯¦,[UNK]
è¯´,[UNK]
è¯»,[UNK]
è°ƒ,[UNK]
è°”,[UNK]
è°¢,[UNK]
è±¡,[UNK]
è´¥,[UNK]
è´§,[UNK]
è´´,[UNK]
èµ„,[UNK]
èµ·,[UNK]
è¶…,[UNK]
è·³,[UNK]
è½¬,[UNK]
è½¯,[UNK]
è½½,[UNK]
è¾‘,[UNK]
è¾“,[UNK]
è¾¹,[UNK]
è¿‡,[UNK]
è¿,[UNK]
è¿”,[UNK]
è¿˜,[UNK]
è¿›,[UNK]
è¿,[UNK]
è¿°,[UNK]
è¿½,[UNK]
é€,[UNK]
é€‰,[UNK]
é€š,[UNK]
é“,[UNK]
é‚£,[UNK]
é‚®,[UNK]
éƒ½,[UNK]
é…,[UNK]
é‡Œ,[UNK]
é‡,[UNK]
é‡‘,[UNK]
é“¾,[UNK]
é”®,[UNK]
é•¿,[UNK]
é—­,[UNK]
é—®,[UNK]
é—´,[UNK]
é˜…,[UNK]
é™…,[UNK]
é™,[UNK]
é™¤,[UNK]
é›†,[UNK]
éœ€,[UNK]
é,[UNK]
éŸ³,[UNK]
é¡µ,[UNK]
é¡¹,[UNK]
é¢„,[UNK]
é¢‘,[UNK]
é¢˜,[UNK]
éª„,[UNK]
éªŒ,[UNK]
éª¤,[UNK]
é«˜,[UNK]
é»˜,[UNK]
ï¹ ,[UNK]
ï¼¼,[UNK]
ğ“”,[UNK]
ğ“¤,[UNK]
ğŸŒ,[UNK]
ğŸŒ®,[UNK]
ğŸŒ´,[UNK]
ğŸ»,[UNK]
ğŸ‰,[UNK]
ğŸŠ,[UNK]
ğŸ»,[UNK]
ğŸ¼,[UNK]
ğŸ½,[UNK]
ğŸ›,[UNK]
ğŸ,[UNK]
ğŸ‘€,[UNK]
ğŸ‘‰,[UNK]
ğŸ‘‹,[UNK]
ğŸ‘Œ,[UNK]
ğŸ‘,[UNK]
ğŸ‘,[UNK]
ğŸ‘,[UNK]
ğŸ’ƒ,[UNK]
ğŸ’™,[UNK]
ğŸ’›,[UNK]
ğŸ’¡,[UNK]
ğŸ’¥,[UNK]
ğŸ’©,[UNK]
ğŸ’ª,[UNK]
ğŸ’¯,[UNK]
ğŸ’»,[UNK]
ğŸ“Œ,[UNK]
ğŸ“–,[UNK]
ğŸ“,[UNK]
ğŸ”…,[UNK]
ğŸ”,[UNK]
ğŸ””,[UNK]
ğŸ”¥,[UNK]
ğŸ”©,[UNK]
ğŸ–•,[UNK]
ğŸ˜€,[UNK]
ğŸ˜,[UNK]
ğŸ˜‚,[UNK]
ğŸ˜ƒ,[UNK]
ğŸ˜„,[UNK]
ğŸ˜…,[UNK]
ğŸ˜†,[UNK]
ğŸ˜‰,[UNK]
ğŸ˜Š,[UNK]
ğŸ˜,[UNK]
ğŸ˜,[UNK]
ğŸ˜•,[UNK]
ğŸ˜›,[UNK]
ğŸ˜,[UNK]
ğŸ˜¢,[UNK]
ğŸ˜¬,[UNK]
ğŸ˜­,[UNK]
ğŸ˜¸,[UNK]
ğŸ™‚,[UNK]
ğŸ™‡,[UNK]
ğŸ™ˆ,[UNK]
ğŸ™Œ,[UNK]
ğŸ™,[UNK]
ğŸš€,[UNK]
ğŸš¢,[UNK]
ğŸš¨,[UNK]
ğŸ›‘,[UNK]
ğŸ¤”,[UNK]
ğŸ¤–,[UNK]
ğŸ¤£,[UNK]
ğŸ¤¦,[UNK]
ğŸ¤·,[UNK]
ğŸ¥‡,[UNK]
CO,co
CODE,code
US,us
USER,user
HA,ha
HASH,hash
pullrequest,pull ##request
codecov,codec ##ov
greenkeeper,green ##keeper
11e,11 ##e
contribut,contrib ##ut
reprodu,reprod ##u
prow,pro ##w
hovercard,hover ##card
coveralls,cover ##alls
instru,instr ##u
istio,ist ##io
introdu,introd ##u
loadex,load ##ex
loadexercise,load ##exe ##rc ##ise
graphie,graph ##ie
wra,wr ##a
encod,enc ##od
beli,bel ##i
redu,red ##u
mysql56,mysql5 ##6
firef,fire ##f
adhesion,ad ##hes ##ion
11e9,11 ##e9
9230,923 ##0
tomcat90,tomcat ##90
rapha,raph ##a
somew,some ##w
11e8,11 ##e8
mysql57,mysql5 ##7
flak,fla ##k
distribut,distrib ##ut
propos,prop ##os
gatsby,gat ##sb ##y
11e7,11 ##e7
tomcat80,tomcat8 ##0
gub,gu ##b
unne,unn ##e
gubernator,gu ##ber ##na ##tor
constra,constr ##a
schedul,sched ##ul
correspon,corresp ##on
kvector,kv ##ector
approvers,approver ##s
11e6,11 ##e6
reviewable,review ##able
certific,certif ##ic
rubocop,rub ##ocop
mirr,mir ##r
espe,esp ##e
kyma,ky ##ma
texcleanup,tex ##cleanup
restri,restr ##i
regr,reg ##r
11e5,11 ##e5
devdependency,dev ##dependency
agre,agr ##e
tril,tri ##l
trilinos,tri ##lin ##os
lgtm,lg ##tm
kpoint,kp ##oint
apo,ap ##o
20issue,20 ##issue
leav,lea ##v
replic,repl ##ic
secre,sec ##re
terra,terr ##a
convent,conven ##t
emo,em ##o
decim,dec ##im
complic,compl ##ic
c3jjl,c3 ##jj ##l
anacond,ana ##cond
knumber,kn ##umber
dependabot,depend ##abot
manageiq,manage ##iq
decod,dec ##od
homeb,home ##b
octo,oct ##o
testreport,test ##report
predi,pred ##i
troublesho,troubles ##ho
libsass,libs ##ass
accompl,accomp ##l
selen,sele ##n
vagr,vag ##r
cordo,cord ##o
fffffff,ffffff ##f
trivi,triv ##i
uch,uc ##h
mochajs,mocha ##js
jour,jo ##ur
administ,admin ##ist
wikip,wiki ##p
u001b,u001 ##b
curi,cur ##i
tada,tad ##a
acked,ack ##ed
helpline,help ##line
flakes,flake ##s
momo,mom ##o
adguard,ad ##guard
tmplapply,tmpl ##apply
tmplload,tmpl ##load
runmodules,run ##modules
mariad,maria ##d
thum,thu ##m
elim,eli ##m
cockroach,cock ##roach
dail,dai ##l
techno,techn ##o
typescleanup,types ##cleanup
tmplcleanup,tmpl ##cleanup
adhesioncleanup,ad ##hes ##ion ##cleanup
calculatorcleanup,calculator ##cleanup
mathcleanup,math ##cleanup
distin,dist ##in
raphaelcleanup,raphael ##cleanup
caref,care ##f
bount,boun ##t
movi,mov ##i
snyk,sn ##yk
knative,kn ##ative
poshi,posh ##i
mete,met ##e
avat,ava ##t
appveyor,app ##veyor
challen,chall ##en
uchij,uc ##hi ##j
fml,fm ##l
homep,home ##p
11ea,11 ##ea
diagnost,diagn ##ost
20190,2019 ##0
fastdo,fast ##do
scra,scr ##a
presubmit,pres ##ubmit
shi,sh ##i
mistak,mist ##ak
testray,test ##ray
establ,estab ##l
codacy,coda ##cy
ffffffff8,ffffffff ##8
jupy,ju ##py
berke,berk ##e
jek,je ##k
choo,cho ##o
localfile,local ##file
fec,fe ##c
approvalnotifier,approval ##notifier
codelauf,code ##la ##uf
zeit,ze ##it
kot,ko ##t
techni,techn ##i
kath,kat ##h
vmouse,vm ##ouse
revid,rev ##id
mathload,math ##load
microsoftdocs,microsoft ##docs
sampl,samp ##l
kwar,kw ##ar
graphiec,graph ##iec
graphiecleanup,graph ##iecl ##ean ##up
kvectorcleanup,kv ##ector ##cleanup
gerr,ger ##r
hardcod,hardc ##od
usercontent,user ##content
nvid,nv ##id
amplab,ampl ##ab
spigot,spi ##go ##t
expos,expo ##s
gri,gr ##i
0000000000000,000000000000 ##0
startt,start ##t
yoroi,yor ##oi
feder,fed ##er
immomo,imm ##omo
kathjax,kat ##hj ##ax
expressionscleanup,expressions ##cleanup
sams,sam ##s
sauron,saur ##on
ener,en ##er
apiv,api ##v
nextcloud,next ##cloud
drake,dra ##ke
11e4,11 ##e4
zyg,zy ##g
28master,28 ##master
graphieload,graph ##iel ##oad
webh,web ##h
veh,ve ##h
kod,ko ##d
deeple,deepl ##e
concl,conc ##l
mariadb100,mariadb ##100
bigrepo,big ##repo
5rc0,5 ##rc ##0
apiv1,api ##v1
filen,file ##n
kops,ko ##ps
9e2776,9e ##27 ##76
9e2776ffe7d,9e ##27 ##76 ##ffe ##7d
9e2776ffe7d200,9e ##27 ##76 ##ffe ##7d ##200
9e2776ffe7d2006f16,9e ##27 ##76 ##ffe ##7d ##2006 ##f1 ##6
9e2776ffe7d2006f16f36,9e ##27 ##76 ##ffe ##7d ##2006 ##f1 ##6f ##36
9e2776ffe7d2006f16f36d0d,9e ##27 ##76 ##ffe ##7d ##2006 ##f1 ##6f ##36 ##d0 ##d
9e2776ffe7d2006f16f36d0d55d94,9e ##27 ##76 ##ffe ##7d ##2006 ##f1 ##6f ##36 ##d0 ##d5 ##5d ##94
9e2776ffe7d2006f16f36d0d55d9464b,9e ##27 ##76 ##ffe ##7d ##2006 ##f1 ##6f ##36 ##d0 ##d5 ##5d ##946 ##4b
i6,i ##6
autoroll,autor ##oll
condu,cond ##u
formatcleanup,format ##cleanup
deeplearning4j,deeplearning ##4j
kvectorload,kv ##ector ##load
evaled,eval ##ed
makeproblem,make ##problem
typesload,types ##load
texload,tex ##load
adhesionload,ad ##hes ##ion ##load
calculatorload,calculator ##load
tbr,tb ##r
raphaelload,raphael ##load
presum,pres ##um
ddf,dd ##f
chin,chi ##n
distingu,dist ##ingu
readthed,read ##thed
arqu,ar ##qu
allux,all ##ux
alluxio,all ##ux ##io
tach,tac ##h
encou,enc ##ou
cockroachdb,cock ##roach ##db
portage,port ##age
bountysource,bounty ##source
rehear,reh ##ear
enhan,enh ##an
whitesourcesoftware,whites ##ources ##oftware
rehearse,reh ##ears ##e
pytorch,pyt ##orc ##h
renov,ren ##ov
popo,pop ##o
subrepository,subrepos ##itory
uchijaaaa,uc ##hi ##ja ##aaa
cvss,cvs ##s
webcompat,webc ##ompat
renovate,ren ##ova ##te
recycl,rec ##ycl
prometh,prom ##eth
momo6,mom ##o ##6
mpserver,mps ##erver
matplot,mat ##plot
kubemark,kube ##mark
8a80,8a ##80
docsbranch,docs ##branch
ultim,ul ##tim
histo,hist ##o
aaae2,aaa ##e2
kpointload,kp ##oint ##load
orch,orc ##h
travers,traver ##s
activer,active ##r
tachyon,tac ##hy ##on
aaae2q,aaa ##e2 ##q
00x,00 ##x
storybook,story ##book
weblate,web ##late
netlify,net ##lify
gitter,git ##ter
weap,we ##ap
starttask,start ##task
20it,20 ##it
cern,cer ##n
x2f,x2 ##f
eventdispatch,event ##dispatch
i9,i ##9
millise,millis ##e
oppos,opp ##os
postgresql94,postgresql ##94
kubevirt,kube ##virt
problemsload,problems ##load
repoman,repo ##man
automattic,automat ##tic
sinonjs,sinon ##js
envoy,env ##oy
kpointcleanup,kp ##oint ##cleanup
moe,mo ##e
rnb,rn ##b
ppppp,ppp ##pp
rnbqk,rn ##bq ##k
pppppppp,ppp ##pp ##pp ##p
rnbqkbnr,rn ##bq ##kb ##nr
keybase,key ##base
lpkg,lp ##kg
cocoap,cocoa ##p
proadvisor,pro ##advisor
sparkpullrequestbuilder,spark ##pull ##request ##builder
kas,ka ##s
jitstress,jit ##str ##ess
gatsbyjs,gat ##sb ##yj ##s
consoletext,console ##text
husky,hu ##sky
jap,ja ##p
knumbercleanup,kn ##umber ##cleanup
irrele,irre ##le
minio,mini ##o
fech,fe ##ch
antich,antic ##h
problemscleanup,problems ##cleanup
anticheat,antic ##he ##at
luci,luc ##i
azur,az ##ur
basetest,base ##test
f2fs,f2 ##fs
rancher,ranch ##er
prtest,prt ##est
taxon,tax ##on
epan,ep ##an
anticheatfound,antic ##he ##at ##found
sonarcloud,sonar ##cloud
hypersonic,hypers ##onic
thrott,throt ##t
ordin,ord ##in
bir,bi ##r
cuc,cu ##c
sme,sm ##e
ipfs,ip ##fs
cleanups,cleanup ##s
cypress,cy ##press
yann,yan ##n
ender,ende ##r
sp1f,sp1 ##f
stylelint,style ##lint
lerna,le ##rn ##a
ppe,pp ##e
poshir,posh ##ir
basetestrule,base ##test ##rule
ligh,lig ##h
2fg,2f ##g
aarch,aar ##ch
wol,wo ##l
redi,red ##i
cws,cw ##s
minecraftserver,minecraft ##server
saucel,sauce ##l
saucelabs,sauce ##labs
aarch64,aar ##ch ##64
jsc,js ##c
poshirunner,posh ##irun ##ner
ossindex,oss ##index
securitybullet,security ##bul ##let
godot,god ##ot
palett,palet ##t
expressionsload,expressions ##load
pho,ph ##o
rsquo,rs ##quo
duckduck,duck ##duck
kodi,ko ##di
hovercards,hover ##cards
v1alpha,v1 ##alpha
seb,se ##b
sema,sem ##a
kubeflow,kube ##flow
nosniff,nos ##ni ##ff
fuck,fuc ##k
polym,poly ##m
corefx,core ##fx
kdepim,kde ##pi ##m
yannick,yan ##nick
nuxt,nu ##xt
20wallet,20 ##wallet
puppeteer,puppet ##eer
piperorigin,piper ##origin
setupt,setup ##t
securitybulletins,security ##bul ##let ##ins
notep,note ##p
dissectors,dissector ##s
alp,al ##p
nixos,nix ##os
craf,cra ##f
prede,pred ##e
enem,en ##em
oaming,oa ##ming
greenkeeperio,green ##keeper ##io
duckduckgo,duck ##duck ##go
fash,fas ##h
efl,ef ##l
teddy,ted ##dy
40types,40 ##types
sigs,sig ##s
katz,kat ##z
transifex,trans ##ife ##x
phpmy,phpm ##y
yannickcr,yan ##nick ##cr
elix,eli ##x
enclos,enclo ##s
bfd,bf ##d
zenhub,zen ##hub
20should,20s ##hou ##ld
christo,christ ##o
codesandbox,codes ##andbox
esm,es ##m
pych,pyc ##h
rcu,rc ##u
commerc,commer ##c
joz,jo ##z
formatload,format ##load
simpletests,simpletest ##s
sonarcommunity,sonar ##community
cpufreq,cpu ##freq
hypersonic20,hypers ##onic ##20
homebridge,home ##bridge
20see,20s ##ee
esp32,esp ##32
0992,099 ##2
whitesource,whites ##ource
highf,high ##f
codeclimate,codec ##lim ##ate
depshield,deps ##hi ##eld
kmatrix,km ##atrix
febru,feb ##ru
theoret,theor ##et
decksite,decks ##ite
buildid,build ##id
kronos,kr ##ono ##s
asser,ass ##er
visdiff,vis ##diff
nuc,nu ##c
bootstra,bootstr ##a
octop,oct ##op
breadcr,bread ##cr
oracle121,oracle ##121
gitcoin,git ##coin
typicode,typ ##icode
pln,pl ##n
stardust,stard ##ust
sparkles,sparkle ##s
kra,kr ##a
robotlocomotion,robot ##loc ##omo ##tion
refin,ref ##in
hock,hoc ##k
decom,dec ##om
2fes,2f ##es
opbuild,op ##build
anticheatfounda,antic ##he ##at ##found ##a
2ft,2f ##t
tekton,tek ##ton
kline,kl ##ine
executeaction,execute ##action
frr,fr ##r
5cp,5c ##p
2feslint,2f ##es ##lint
palantir,pal ##anti ##r
coupl,coup ##l
5cworkflow,5c ##workflow
5cpullrequest,5c ##pull ##request
fli,fl ##i
qubes,qu ##bes
nock,noc ##k
riot,ri ##ot
r13,r1 ##3
cmssw,cmss ##w
ult,ul ##t
cgf,cg ##f
v1alpha3,v1 ##alpha ##3
shipit,ship ##it
wikidata,wikid ##ata
survi,surv ##i
neth,net ##h
opa,op ##a
acade,ac ##ade
alib,ali ##b
jozef,jo ##ze ##f
vuln,vul ##n
fuz,fu ##z
executeactionstaskexecuter,execute ##actions ##taskexecuter
ecos,eco ##s
sebast,se ##bast
nixpkgs,nix ##pkg ##s
csi,cs ##i
modifieddate,modified ##date
highfidelity,high ##fi ##del ##ity
20e,20 ##e
abbre,abbr ##e
toml,tom ##l
twil,twi ##l
reserv,reser ##v
8a8080,8a ##8080
mell,mel ##l
wasm,was ##m
osd,os ##d
sybase160,sybase ##160
mc1,mc ##1
rollbar,roll ##bar
hspace,hs ##pace
modifiedby,modified ##by
dqm,dq ##m
alibaba,ali ##bab ##a
vuet,vue ##t
forestry,forest ##ry
process783007,process ##783 ##007
devi,dev ##i
minik,mini ##k
zomb,zo ##mb
asoc,as ##oc
fejta,fe ##jt ##a
hashicorp,hash ##icorp
chocol,cho ##col
cask,cas ##k
jere,jer ##e
googlechrome,google ##chrome
aure,aur ##e
lch,lc ##h
minecraftforge,minecraft ##forge
primar,prim ##ar
linelength,line ##length
itests,itest ##s
wang,wan ##g
vuetify,vue ##ti ##fy
odo,od ##o
miq,mi ##q
portallog,portal ##log
y29,y2 ##9
chromiumcodereview,chromium ##coder ##ev ##iew
portallogassertortest,portal ##log ##assert ##orte ##st
trin,tri ##n
polyn,poly ##n
bann,ban ##n
envoyv2,env ##oy ##v2
openst,opens ##t
2fnode,2f ##node
i915,i ##91 ##5
awa,aw ##a
cofh,co ##fh
openhab,open ##hab
plas,pla ##s
btrfs,btr ##fs
yxb,y ##xb
sponge,spo ##ng ##e
mellanox,mel ##lan ##ox
ccxt,cc ##xt
containerd,container ##d
portug,port ##ug
pum,pu ##m
quickbook,quick ##book
dedu,ded ##u
officed,office ##d
abstractchannelhandlercontext,abstract ##channel ##handlercontext
buildcraft,build ##craft
defaultt,default ##t
resum,res ##um
20click,20 ##click
unspec,uns ##pec
hotplug,hot ##plug
pennydreadful,penny ##dr ##ead ##ful
deli,del ##i
discre,discr ##e
flake8,flake ##8
s390,s3 ##90
kul,ku ##l
20180,2018 ##0
hazel,haz ##el
7c0,7c ##0
jitstressregs,jit ##str ##ess ##reg ##s
3as,3a ##s
gci,gc ##i
cjs,cj ##s
centos7,centos ##7
congrat,congr ##at
helmet,helm ##et
rib,ri ##b
2fgithub,2f ##git ##hub
tsx,ts ##x
espress,esp ##ress
recurr,recur ##r
mercuri,merc ##uri
0xc4,0xc ##4
stackblitz,stack ##blitz
bgp,bg ##p
molec,mole ##c
popolo,pop ##olo
recal,rec ##al
kconfig,kc ##onfig
knumberload,kn ##umber ##load
rdm,rd ##m
fxlabs,fx ##labs
pennydreadfulmagic,penny ##dr ##ead ##ful ##magic
lkml,lk ##ml
sind,sin ##d
mxnet,mxn ##et
syncthing,synct ##hing
mathemat,mathem ##at
8oo,8 ##oo
downgrad,down ##grad
fbshipit,fb ##ship ##it
vertnet,vert ##net
kitch,kit ##ch
canjs,can ##js
kore,ko ##re
ijk,ij ##k
dru,dr ##u
nonexist,nonex ##ist
trimm,trim ##m
rade,rad ##e
material2,material ##2
abbrevi,abbrev ##i
dvb,dv ##b
webdriverio,webdriver ##io
actu,act ##u
zephyr,ze ##phy ##r
arlac,ar ##la ##c
arlac77,ar ##la ##c7 ##7
thurs,thu ##rs
portugues,port ##ugues
cgfja2fnzx,cg ##fj ##a2 ##fn ##zx
khanacademy,khan ##academy
elections,election ##s
mona,mon ##a
layoutt,layout ##t
2ff,2f ##f
feedstock,feeds ##toc ##k
heuri,heur ##i
sympt,symp ##t
etcd3,etcd ##3
bookinfotests,book ##info ##tests
pds,pd ##s
fifoc,fifo ##c
sli,sl ##i
trinity,tri ##nit ##y
neov,neo ##v
fifoci,fifo ##ci
0410,04 ##10
confid,conf ##id
rotten,rot ##ten
db2105,db2 ##105
discou,disco ##u
workqueue,work ##queue
wei,we ##i
ptal,pt ##al
pumpe,pump ##e
tck,tc ##k
xposed,xpos ##ed
jin,ji ##n
reco,rec ##o
translatewiki,translate ##wiki
yang,yan ##g
prelim,prel ##im
zstack,zs ##tac ##k
neovim,neo ##vim
coffe,coff ##e
cmdle,cmd ##le
2fmon,2f ##mon
awx,aw ##x
jhip,jh ##ip
unclaim,uncl ##aim
2fmonorepo,2f ##mon ##ore ##po
marlin,mar ##lin
ppc64,ppc ##64
chrisgutt,chris ##gu ##tt
chrisguttandin,chris ##gu ##tt ##andi ##n
moby,mob ##y
xenial,xen ##ial
avajs,ava ##js
labell,label ##l
resourc,resour ##c
wednes,wed ##nes
addn,add ##n
w3sch,w3s ##ch
alphagov,alpha ##go ##v
androidx,android ##x
juju,ju ##ju
thaum,tha ##um
nak,na ##k
updatebot,update ##bot
assignees,assignee ##s
portalsmoke,portals ##mo ##ke
py36,py3 ##6
c3jjl21haw4vamf2ys9,c3 ##jj ##l2 ##1 ##ha ##w4 ##va ##mf ##2 ##ys ##9
sindresorhus,sin ##dr ##es ##or ##hus
mattermost,matter ##most
jboss70,jboss ##70
kdelibs,kde ##libs
pavol,pav ##ol
lambd,lamb ##d
senate,sen ##ate
dus,du ##s
equest,equ ##est
phabric,ph ##abric
flowtype,flow ##type
atomist,atom ##ist
nd4j,nd ##4j
dispos,disp ##os
prid,pri ##d
ara,ar ##a
vas,va ##s
ublock,ub ##lock
autorest,autores ##t
carth,cart ##h
wiref,wire ##f
30d,30 ##d
ovirt,ov ##irt
wowhead,wow ##head
conan,con ##an
39m,39 ##m
dubbo,dub ##bo
intune,intu ##ne
druid,dr ##uid
helperscleanup,helpers ##cleanup
unwatch,unw ##atch
coy,co ##y
benjam,ben ##jam
minicon,minic ##on
invoc,invo ##c
trib,tri ##b
19700,1970 ##0
autoscal,autosc ##al
alignhash,align ##hash
jetstack,jets ##tac ##k
storybooks,story ##books
multicl,multic ##l
gitpan,git ##pan
handlen,handle ##n
milan,mil ##an
gite,git ##e
vmousecleanup,vm ##ouse ##cleanup
us11,us ##11
20on,20 ##on
cmssdt,cmss ##dt
somethi,someth ##i
197001010,1970 ##0101 ##0
19700101030959,1970 ##0101 ##03 ##09 ##59
jece,je ##ce
regulator,regul ##ator
evi,ev ##i
jecelyin,je ##cel ##yi ##n
interactivecleanup,interactive ##cleanup
xerc,xer ##c
cvss3,cvs ##s3
bglil,bgl ##il
equin,equi ##n
webinspector,web ##inspector
subrout,subr ##out
yxbwl,y ##xb ##wl
plasma,pla ##sm ##a
ces,ce ##s
2fweb,2f ##web
hexo,hex ##o
dqmhist,dq ##mh ##ist
trybots,try ##bots
nethserver,net ##hs ##erver
raspb,rasp ##b
virtio,virt ##io
pullrequestreview,pull ##request ##review
probot,prob ##ot
linted,lint ##ed
cura,cur ##a
hipl,hip ##l
bugsnag,bugs ##na ##g
sdt,sd ##t
abstractautowirecap,abstract ##autow ##irecap
osp,os ##p
platformio,platform ##io
coala,coa ##la
20password,20 ##password
testscan,tests ##can
minecolonies,mine ##col ##oni ##es
webrender,web ##render
texi,tex ##i
zhj,zh ##j
musl,mus ##l
subhints,sub ##hints
idealtree,ideal ##tree
a11y,a11 ##y
vap,va ##p
jae,ja ##e
0310,031 ##0
sidek,side ##k
adoc,ado ##c
lchija,lc ##hi ##ja
gitea,git ##ea
suref,sure ##f
subtra,subt ##ra
wildfly100,wildfly ##100
yargs,yar ##gs
sickrage,sick ##rage
enzyme,en ##zyme
pmem,pm ##em
pivotaltracker,pivotal ##tracker
3094,309 ##4
airc,air ##c
ia64,ia ##64
facilit,facil ##it
hua,hu ##a
pullrequests,pull ##requests
w3jlju,w3 ##jl ##ju
w3jlju7dt5e,w3 ##jl ##ju ##7d ##t5 ##e
zhj46r5,zh ##j4 ##6 ##r5
zhj46r5d0nq,zh ##j4 ##6 ##r5 ##d0 ##nq
ocqldx,oc ##qld ##x
ocqldxf7fmy,oc ##qld ##xf ##7f ##my
r8oaw,r8 ##oa ##w
r8oawrcmlrw,r8 ##oa ##wr ##cm ##lr ##w
hmcts,hm ##cts
20200,2020 ##0
opbuildstorage,op ##build ##storage
loadscript,loads ##cript
tain,tai ##n
mobs,mob ##s
incredi,incred ##i
okonet,ok ##onet
uchija,uc ##hi ##ja
bint,bin ##t
ools,oo ##ls
roottest,root ##test
apiv1orgs,api ##v1 ##org ##s
nbps,nb ##ps
hydro,hydr ##o
ansib,ansi ##b
cni,cn ##i
pocketmine,pocket ##mine
opbuildstorageprod,op ##build ##storage ##prod
ksautotests,ks ##auto ##tests
cockpit,cock ##pit
zon,zo ##n
vcp,vc ##p
eloqu,elo ##qu
varn,var ##n
sysdeps,sys ##deps
monorepo,mono ##repo
kdebase,kde ##base
peripher,per ##ipher
bioconductor,bio ##cond ##uctor
fortun,fort ##un
2frollup,2f ##roll ##up
jor,jo ##r
tine,tin ##e
cmc,cm ##c
homeassistant,home ##assistant
ionicons,ionic ##ons
funders,fund ##ers
mana,man ##a
handlenonsuccess,handle ##nonsuccess
sems,sem ##s
handlenonsuccessanddebugg,handle ##nonsuccess ##and ##debug ##g
iommu,iom ##mu
octocat,oct ##oca ##t
cs2,cs ##2
crio,cri ##o
bibli,bib ##li
handlenonsuccessanddebuggernotification,handle ##nonsuccess ##and ##debugger ##notification
testrail,test ##rail
kur,ku ##r
zhang,zh ##ang
autoroller,autor ##oller
batfish,bat ##fish
cumbers,cum ##bers
swingappender,swing ##appender
4ff,4f ##f
ffffffff810,ffffffff ##81 ##0
mitre,mit ##re
c3jjl3,c3 ##jj ##l3
consolefull,console ##full
codice,cod ##ice
addnamerange,add ##name ##range
umbra,umb ##ra
moh,mo ##h
galley,gall ##ey
mdash,mda ##sh
svnmerge,svn ##merge
insn,ins ##n
gutenberg,gut ##enberg
dqmhistotests,dq ##mh ##isto ##tests
absmiddle,abs ##middle
frameworkmethod,framework ##method
bellatrix,bell ##atrix
kiw,ki ##w
snipe,snip ##e
thoth,tho ##th
idem,ide ##m
ingred,ingr ##ed
rhel7,rhel ##7
ome,om ##e
benmo,ben ##mo
pulp,pul ##p
ard,ar ##d
pnp,pn ##p
benmosher,ben ##mos ##her
freecodecamp,free ##codec ##amp
aura,aur ##a
whatso,whats ##o
mpv,mp ##v
frappe,fr ##app ##e
imx,im ##x
ansibull,ansi ##bul ##l
neutron,neut ##ron
18f,18 ##f
prun,pr ##un
koffice,ko ##ffice
amo,am ##o
zan,za ##n
geon,geo ##n
cuck,cu ##ck
kubeadm,kube ##adm
tople,top ##le
indu,ind ##u
phet,ph ##et
m68,m6 ##8
ipadmin,ipad ##min
nokog,nok ##og
eph,ep ##h
multicluster,multic ##lus ##ter
sourcegraph,source ##graph
launchwrapper,launch ##wrapper
fastify,fast ##ify
offenses,offense ##s
layouttests,layout ##tests
22564,225 ##64
esources,es ##ources
nebulous,nebul ##ous
runtim,runt ##im
r2r,r2 ##r
libsvn,libs ##vn
datadog,datad ##og
atmos,atm ##os
cxx11,cxx ##11
tweakcompatible,tweak ##compatible
zram,z ##ram
americ,amer ##ic
swed,swe ##d
typestrong,types ##tron ##g
150087,1500 ##87
3r,3 ##r
waffle,waf ##fl ##e
spoo,spo ##o
tryserver,trys ##erver
dcos,dc ##os
l11,l1 ##1
officedev,office ##dev
v1bet,v1 ##bet
onnx,on ##nx
mariadb102,mariadb ##102
triage,tri ##age
shadowsocks,shadows ##ocks
2fpull,2f ##pull
currenttree,current ##tree
marian,maria ##n
insiders,insider ##s
arches,arch ##es
stell,ste ##ll
zeb,ze ##b
rpl,rp ##l
gitbook,git ##book
sia,si ##a
konstant,kon ##stant
quark,qu ##ark
cfr,cf ##r
q7,q ##7
yun,yu ##n
rdar,rd ##ar
servle,serv ##le
nebulouslabs,nebul ##ous ##labs
carri,car ##ri
containerized,container ##ized
ethstatus,eth ##status
octoprint,oct ##op ##rint
astropy,astro ##py
cdash,cda ##sh
yolo,yo ##lo
modpack,mod ##pack
fundersclub,fund ##ers ##club
optif,opt ##if
mekan,me ##kan
2fwebpack,2f ##web ##pack
cuckoo,cu ##ck ##oo
ansibullbot,ansi ##bul ##lb ##ot
openb,open ##b
qt5core,qt5 ##core
iwl,iw ##l
kok,ko ##k
ange,ang ##e
interactiveload,interactive ##load
testcafe,test ##cafe
dron,dro ##n
patchwork,patch ##work
3602,360 ##2
glf,gl ##f
dsum,ds ##um
rsc,rs ##c
boinc,bo ##inc
minish,mini ##sh
abdul,abd ##ul
adviser,advise ##r
pootle,poo ##tle
optifine,opt ##ifi ##ne
acorn,ac ##orn
xhci,xh ##ci
childprocess,child ##process
3aissue,3a ##issue
filenot,fileno ##t
raiden,raid ##en
arithmeticcleanup,arithmetic ##cleanup
asar,asa ##r
traefik,tra ##efik
hairsp,hairs ##p
automerge,autom ##erge
liu,li ##u
python36,python3 ##6
bion,bio ##n
nvim,nv ##im
bpf,bp ##f
handl,hand ##l
chisel,chi ##sel
travisci,travis ##ci
20c,20 ##c
revi,rev ##i
apoll,ap ##oll
elease,ele ##ase
minishift,mini ##shift
xfce,xf ##ce
17134,171 ##34
commitlint,commit ##lint
caffe2,caffe ##2
autojs,auto ##js
insolar,ins ##olar
anaconda2,anaconda ##2
anthon,anth ##on
â””â”€,â”” ##â”€
meson,mes ##on
bcb,bc ##b
cec,ce ##c
mobx,mob ##x
mac80211,mac ##80211
unclaiming,uncl ##aim ##ing
lz4,lz ##4
digitalo,digital ##o
bounties,boun ##ties
adaf,ada ##f
coremod,core ##mod
geron,ger ##on
scrutinizer,scrutin ##izer
autobuild,autob ##uild
shipp,ship ##p
enderio,ende ##rio
resnet,res ##net
joyst,joys ##t
thaumcraft,tha ##um ##craft
raft,raf ##t
kor,ko ##r
cdk,cd ##k
testscanxmllog,tests ##can ##xml ##log
hda,hd ##a
renderex,render ##ex
vulcan,vul ##can
c00,c0 ##0
proton,proto ##n
onboarding,onboard ##ing
mojave,moj ##ave
sonoff,son ##off
conv2d,conv ##2d
eri,er ##i
vmdb,vm ##db
georgi,georg ##i
renderexercis,render ##exe ##rc ##is
renderexercisetask,render ##exe ##rc ##iset ##ask
goblin,gob ##lin
philoso,phil ##oso
defaultbuildoperationexecutor,defaultbuild ##operation ##executor
zim,zi ##m
web3,web ##3
rocksdb,rocks ##db
oca,oc ##a
writeback,write ##back
vega,veg ##a
aelf,ae ##lf
hous,ho ##us
ebwiki,eb ##wiki
confir,conf ##ir
fixer,fix ##er
nei,ne ##i
kodak,ko ##da ##k
editorconfig,editor ##config
hawk,haw ##k
gaearon,gae ##aron
directorywatcher,directory ##watcher
catkin,cat ##kin
reactivex,reactive ##x
1f4,1f ##4
rink,ri ##nk
makeroid,maker ##oid
hlt,hl ##t
tdep,tde ##p
asan,asa ##n
vibr,vib ##r
triplea,triple ##a
odejs,ode ##js
sne,sn ##e
libren,libre ##n
xtensa,xt ##ens ##a
e0602,e0 ##602
passt,pass ##t
livemode,live ##mode
apostro,apos ##tr ##o
civicrm,civic ##rm
ros2,ros ##2
viewlog,view ##log
sds,sd ##s
ecr,ec ##r
mdss,mds ##s
dusan,du ##sa ##n
maestro,ma ##estro
olm,ol ##m
agra,agr ##a
l12,l1 ##2
spamm,spam ##m
craftbukkit,craft ##bu ##kkit
assertor,assert ##or
brc,br ##c
dwight,dw ##ight
elemental,element ##al
l13,l1 ##3
20red,20 ##red
deprecations,deprecation ##s
wayland,way ##land
jackett,jack ##ett
metadat,metad ##at
netdata,net ##data
exportimport,export ##import
webassembly,web ##assembly
lyn,ly ##n
immers,imm ##ers
lxd,lx ##d
goss,gos ##s
cozy,coz ##y
appimage,app ##image
cinnam,cin ##nam
unreli,unrel ##i
cinder,cin ##der
af2,af ##2
spack,spac ##k
createt,create ##t
isis,is ##is
pystache,pys ##tac ##he
securityadvis,security ##adv ##is
uws,uw ##s
railcraft,rail ##craft
vcpkg,vc ##pkg
maci,mac ##i
20button,20 ##button
prinfo,prin ##fo
msteams,mst ##eam ##s
dwightaspencer,dw ##ight ##asp ##encer
flex4,flex ##4
rans,ran ##s
cartodb,cart ##odb
denzuko,den ##zu ##ko
testament,testa ##ment
eure,eur ##e
istanbuljs,istanbul ##js
librenms,libre ##nm ##s
opportun,opport ##un
borg,bor ##g
8a80808,8a ##8080 ##8
genu,gen ##u
896fix,896 ##fix
pipenv,pipe ##nv
bors,bor ##s
alen,ale ##n
vma,vm ##a
2c0,2c ##0
kf,k ##f
phets,ph ##ets
0xc04,0xc0 ##4
ensor,ens ##or
omnisharp,omni ##sharp
phetsims,ph ##ets ##ims
shippable,ship ##pa ##ble
checky,check ##y
fsl,fs ##l
rook,roo ##k
hexadec,hexa ##dec
l14,l1 ##4
gunztar,gun ##zt ##ar
gunztarperm,gun ##zt ##arper ##m
0crat,0c ##rat
joss,jos ##s
umbre,umb ##re
zijlstra,zi ##jl ##stra
20be,20 ##be
urb,ur ##b
minefactory,mine ##factory
patchset,patch ##set
gaim,ga ##im
checkyoself,check ##yo ##self
elf32,elf ##32
20of,20 ##of
vime,vim ##e
miro,mir ##o
istioctl,ist ##ioc ##tl
fgp,fg ##p
mira,mir ##a
medusa,med ##usa
px4,px ##4
cinnamon,cin ##nam ##on
capy,cap ##y
configmap,config ##map
keepass,keep ##ass
ffffffff811,ffffffff ##81 ##1
hapijs,hapi ##js
pyram,py ##ram
fossasia,foss ##asi ##a
sensu,sens ##u
cvename,cve ##name
uglifyjs2,uglifyjs ##2
gajus,gaj ##us
kulsh,ku ##ls ##h
brianch,brian ##ch
iscsi,isc ##si
outing,out ##ing
qcom,qc ##om
zulip,zul ##ip
workbox,work ##box
multise,multis ##e
maget,mage ##t
innerloop,inner ##loop
mojang,moj ##ang
microsoftgraph,microsoft ##graph
degrad,degr ##ad
kulshekhar,ku ##ls ##he ##kh ##ar
bibizip,bib ##iz ##ip
geonode,geo ##node
mishoo,mish ##oo
oppia,opp ##ia
lwj,lw ##j
kenn,ken ##n
ijkmedia,ij ##km ##edia
throwforn,throw ##for ##n
throwfornonsuccess,throw ##for ##nonsuccess
exynos,ex ##yn ##os
testament3,testa ##ment ##3
glpi,gl ##pi
lom,lo ##m
caly,cal ##y
aiohttp,aio ##http
gso,gs ##o
tencent,ten ##cent
c3jjl2,c3 ##jj ##l2
quicks,quick ##s
jord,jo ##rd
gcode,gc ##ode
concourse,conc ##ourse
sheb,she ##b
squad,squ ##ad
securityadvisories,security ##advisor ##ies
ensorflow,ens ##orf ##low
atp,at ##p
noclassdeff,noclassdef ##f
minefactoryreloaded,mine ##factory ##reload ##ed
mastodon,mast ##odo ##n
imprec,imp ##rec
wmcore,wm ##core
kjs,kj ##s
lbry,lb ##ry
iro,ir ##o
linuxbrew,linux ##brew
neuro,neur ##o
he0,he ##0
magetwo,mage ##two
githubassets,github ##assets
kata,kat ##a
chromeos,chrome ##os
2fin,2f ##in
precommit,precom ##mit
brianchandotcom,brian ##chan ##dot ##com
asym,asy ##m
netdef,net ##def
m68k,m6 ##8 ##k
noneth,none ##th
scyll,sc ##yll
c3jjl2nvb,c3 ##jj ##l2 ##nv ##b
973,97 ##3
fhandler,fh ##andler
pere,per ##e
libop,lib ##op
aforem,afore ##m
daem,dae ##m
flatpak,flat ##pa ##k
wox,wo ##x
calypso,cal ##yp ##so
kest,ke ##st
mull,mul ##l
helix,hel ##ix
0xc8,0xc ##8
openn,open ##n
corem,core ##m
zanata,za ##na ##ta
golem,gol ##em
refactors,refactor ##s
peepee,peep ##ee
kaspar,ka ##sp ##ar
miscell,misc ##ell
zal,za ##l
dimitri,dimit ##ri
hpcc,hpc ##c
decoupl,decou ##pl
67d,67 ##d
redistribut,redistrib ##ut
testnet,test ##net
spacemacs,space ##mac ##s
stargaz,starg ##az
truffle,tru ##ffle
frost,fro ##st
projectroot,project ##root
relu,rel ##u
w3m,w3 ##m
plots2,plots ##2
pyup,py ##up
grin,gr ##in
irqs,irq ##s
cosmetics,cosmetic ##s
buildkite,build ##kit ##e
exercism,exerc ##ism
6495,649 ##5
baller,ball ##er
cpw,cp ##w
fuj,fu ##j
travi,trav ##i
octokit,oct ##okit
baid,ba ##id
mohamed,mo ##hamed
quat,qu ##at
nuk,nu ##k
relval,rel ##val
py37,py3 ##7
spacy,spac ##y
inappropri,inapp ##ropri
e501,e5 ##01
usgs,usg ##s
underfs,under ##fs
dbe,db ##e
chaijs,chai ##js
pris,pri ##s
ioann,io ##ann
rel14,rel ##14
ephemer,ephem ##er
castles,castle ##s
sul,su ##l
dfsfilter,dfs ##filter
abcs,abc ##s
eventcontextimpl,event ##contextimpl
5t,5 ##t
cfrun,cf ##run
jei,je ##i
pio,pi ##o
okhttp3,okhttp ##3
asciidoctor,ascii ##doctor
multimc,multim ##c
weibo,we ##ibo
python37,python3 ##7
poetry,poe ##try
zolt,zo ##lt
tmc,tm ##c
rocketchat,rocket ##chat
mypy,myp ##y
kasparov,ka ##sp ##aro ##v
enchant,enc ##han ##t
tzj,tz ##j
ldquo,ld ##quo
kasandbox,ka ##sandbox
ip6,ip ##6
nemo,nem ##o
8c30,8c ##30
gazebo,gaze ##bo
kale,kal ##e
yose,yo ##se
instabug,inst ##ab ##ug
449e,449 ##e
0x50,0x5 ##0
tzjames,tz ##jam ##es
quasar,quas ##ar
v8a,v8 ##a
dsi,ds ##i
prb,pr ##b
unes,une ##s
unsatis,uns ##atis
govuk,gov ##uk
shellcheck,shell ##check
objectivecb,objectivec ##b
8e8b,8e ##8b
v1beta1,v1 ##beta ##1
leoz,leo ##z
kgsl,kg ##sl
kmem,km ##em
prave,pra ##ve
nou,no ##u
l16,l1 ##6
arduino15,arduino ##15
caddy,cad ##dy
rdquo,rd ##quo
svelte,sv ##elt ##e
drones,drone ##s
opbuildstorages,op ##build ##storage ##s
opbuildstoragesandbox2,op ##build ##storage ##sandbox ##2
mekanism,me ##kan ##ism
postgresql10,postgresql ##10
vamp,va ##mp
xwiki,x ##wiki
rg3,rg ##3
retroarch,retro ##arch
elementor,element ##or
stargazers,starg ##azer ##s
vmouseload,vm ##ousel ##oad
nomad,nom ##ad
cherrypick,cherry ##pick
l17,l1 ##7
sdata,sda ##ta
laszlo,las ##zl ##o
radare,radar ##e
deepcode,deep ##code
941,94 ##1
gnue,gnu ##e
quic,qui ##c
gltf,gl ##tf
zoltan,zo ##lt ##an
ad334,ad ##33 ##4
gnus,gnu ##s
4ff67af0,4f ##f6 ##7a ##f0
ad334ec8d88c,ad ##33 ##4e ##c8 ##d8 ##8c
netdev,net ##dev
ffffffff81,ffffffff ##81
871,87 ##1
metasfresh,metas ##fresh
matthewd,matthew ##d
melo,mel ##o
gulpjs,gulp ##js
proptypes,prop ##types
kud,ku ##d
14t22,14 ##t22
inquir,in ##quir
riscv,risc ##v
hambur,ham ##bur
certbot,cert ##bot
docfx,doc ##fx
yetiforce,yet ##ifo ##rc ##e
tendermint,tender ##min ##t
ci1,ci ##1
abcsize,abc ##size
discontin,discont ##in
6495ed,649 ##5e ##d
erc,er ##c
psyco,psy ##co
blazor,blaz ##or
keystro,keyst ##ro
iio,ii ##o
easylist,easy ##list
jsdel,js ##del
msgstr,msgs ##tr
jsdelivr,js ##del ##ivr
lily,lil ##y
metamask,metam ##ask
ukt,uk ##t
miroslav,mir ##os ##lav
crowdin,crowd ##in
zoxu,zo ##x ##u
pbi2rz,pbi ##2r ##z
toggl,togg ##l
arte,art ##e
redstone,reds ##tone
bree,bre ##e
sdm,sd ##m
osx10,osx ##10
411124,411 ##124
asciidoc,ascii ##doc
pontoon,pont ##oon
solidity,solid ##ity
rop,ro ##p
asserte,assert ##e
01x,01 ##x
nioeventloop,nio ##eventloop
861,86 ##1
nip,ni ##p
99x,99 ##x
georgios,georg ##ios
afric,af ##ric
cfd,cf ##d
dgraph,dg ##raph
zor,zo ##r
35m,35 ##m
helpersload,helpers ##load
ral,ra ##l
azured,azure ##d
oled,ole ##d
0x70,0x7 ##0
coredns,cored ##ns
db2111,db2 ##111
origami,orig ##ami
mjs,mj ##s
rera,rer ##a
zot,zo ##t
debugfs,debug ##fs
prwarns,pr ##warn ##s
jupyterlab,jupyter ##lab
jits,jit ##s
percon,perc ##on
prer,pre ##r
cvm,cv ##m
orchestr,orchest ##r
nrf,nr ##f
disamb,dis ##amb
ipm,ip ##m
ili,il ##i
maptoregistry,mapto ##registry
5et,5e ##t
ubuntu16,ubuntu ##16
fsevents,fse ##vents
8a80808a657,8a ##8080 ##8a ##65 ##7
8a80808a657aacf801657,8a ##8080 ##8a ##65 ##7a ##ac ##f8 ##016 ##57
antd,ant ##d
message12,message1 ##2
tong,ton ##g
qbitt,qb ##itt
gom,go ##m
twsrc,tws ##rc
uise,uis ##e
snoo,sno ##o
linters,linter ##s
attende,attend ##e
dedicatedserver,dedicated ##server
kry,kr ##y
5etfw,5e ##tf ##w
unwra,unwr ##a
testthat,test ##that
coreboot,core ##boot
extru,extr ##u
l18,l1 ##8
electrum,elect ##rum
lubomir,lub ##omi ##r
decomposeactions,decompose ##actions
franco,franc ##o
termux,term ##ux
prkubekins,pr ##ku ##be ##kins
autofix,autof ##ix
vortex,vor ##tex
rs6000,rs ##600 ##0
poseidon,pose ##ido ##n
dlang,dl ##ang
seccomp,sec ##comp
kic,ki ##c
tibor,tib ##or
unreviewed,unre ##view ##ed
taucet,tau ##cet
ioannis,io ##ann ##is
ballerina,ball ##er ##ina
pist,pi ##st
libq,lib ##q
frrpullreq,fr ##rp ##ull ##req
20screen,20s ##creen
steamapps,steam ##apps
opencollective,openc ##olle ##ct ##ive
1511,151 ##1
2fgoogle,2f ##google
cloudstack,clouds ##tac ##k
cs2103,cs ##210 ##3
kthread,kth ##read
v16,v1 ##6
patternfly,pattern ##fly
ooz,oo ##z
fcn,fc ##n
phpstan,phps ##ta ##n
qbittorrent,qb ##itto ##rrent
liver,live ##r
gamm,gam ##m
lore,lor ##e
cere,cer ##e
californ,cal ##iforn
67d80f,67 ##d8 ##0f
pumpeventsfor,pumpevents ##for
steem,ste ##em
slt,sl ##t
rhe,rh ##e
bfc,bf ##c
rasa,ras ##a
storaged,storage ##d
dco,dc ##o
l19,l1 ##9
fucking,fuc ##king
q789,q ##78 ##9
helvet,hel ##vet
octodex,oct ##ode ##x
pmc,pm ##c
9230quickbooks,923 ##0 ##quick ##books
marion,mario ##n
marvin,mar ##vin
pvc,pv ##c
dgvz,dgv ##z
wdyt,wd ##yt
smoketest,smoke ##test
drs,dr ##s
baba,bab ##a
giphy,gi ##phy
leet,lee ##t
airbrake,air ##brake
2828,282 ##8
pretra,pretr ##a
tcserver,tcs ##erver
congrats,congr ##ats
pogo,po ##go
mirage,mir ##age
panzer,pan ##zer
freepbx,freep ##bx
uktrade,uk ##trade
immut,imm ##ut
u2028,u20 ##28
15008790,1500 ##87 ##90
extragear,extra ##gear
stealjs,steal ##js
commitizen,commit ##izen
bap,ba ##p
amire,ami ##re
1113,111 ##3
rhsa,rhs ##a
2781,278 ##1
20e501,20 ##e5 ##01
sourceformatter,source ##formatter
5c201,5c ##201
dfg,df ##g
jsql,jsq ##l
vuetifyjs,vue ##ti ##fy ##js
negl,neg ##l
maut,ma ##ut
mosqu,mos ##qu
7c1,7c ##1
kaspers,ka ##sp ##ers
0xc42,0xc ##42
irres,irre ##s
8a80808a657aacf801657ab17,8a ##8080 ##8a ##65 ##7a ##ac ##f8 ##016 ##57 ##ab ##17
22hint,22 ##hint
pantheon,pant ##he ##on
nikola,nikol ##a
phenot,phen ##ot
oracle122,oracle ##122
nah,na ##h
pulsar,puls ##ar
pinctrl,pin ##ctrl
l20,l2 ##0
resil,res ##il
amdgpu,amd ##gpu
reraise,rer ##aise
stanislav,stan ##islav
kont,kon ##t
quicken,quick ##en
gitorigin,git ##origin
ftrace,ftr ##ace
observerimpl,observer ##impl
envirom,enviro ##m
servicebean,serviceb ##ean
amirelm,ami ##rel ##m
ksp,ks ##p
stew,ste ##w
l15,l1 ##5
jupyterhub,jupyter ##hub
fujitsu,fu ##jitsu
serg,ser ##g
gfp,gf ##p
kel,ke ##l
minetest,mine ##test
gaia,ga ##ia
aler,ale ##r
julial,julia ##l
filtercombine,filter ##combin ##e
oracle12,oracle ##12
curl2,curl ##2
pixi,pix ##i
fileinstall,file ##install
951,95 ##1
preact,pre ##act
curated,cur ##ated
calico,cal ##ico
pulseaudio,pulse ##audio
batchnorm,batch ##norm
kaldi,kal ##di
mbedtls,mbed ##tls
opal,op ##al
miniconda3,minic ##onda ##3
outerloop,outer ##loop
tachyonproject,tac ##hy ##on ##project
9161,916 ##1
stt,st ##t
dopp,do ##pp
thumbsup,thumbs ##up
molgenis,mol ##gen ##is
contentful,content ##ful
tei,te ##i
conntrack,connt ##rack
abp,ab ##p
safelinks,safe ##links
gord,gor ##d
nel,ne ##l
2freact,2f ##rea ##ct
quill,qui ##ll
spinn,spin ##n
enlar,enl ##ar
swag,sw ##ag
armhf,arm ##hf
julialang,julia ##lang
omnia,omni ##a
7c01,7c ##01
dockerfiles,dockerfile ##s
invoken,invoke ##n
tektoncd,tek ##ton ##cd
byu,by ##u
kak,ka ##k
ncb,nc ##b
opencomputers,openc ##omp ##uters
keepmin,keep ##min
20an,20a ##n
reprex,repr ##ex
grizz,gr ##izz
viewportalsmokearchive,viewport ##als ##mo ##ke ##archive
portalsmokeupgrade,portals ##mo ##ke ##upgrade
2fj,2f ##j
avs,av ##s
clubb,club ##b
cgtnl,cg ##tn ##l
jdk11,jdk1 ##1
datalad,datal ##ad
cooldown,coold ##own
kolib,kol ##ib
clippy,clip ##py
jaroslav,jar ##os ##lav
v4l,v4 ##l
ay1920s1,ay ##1920 ##s1
tidb,tid ##b
openra,openr ##a
00007,0000 ##7
tolow,tol ##ow
servicebeanmethodinvocation,serviceb ##ean ##methodinvocation
savetree,save ##tree
notry,not ##ry
encoura,encour ##a
unzi,unz ##i
boneskull,bones ##ku ##ll
publiclab,public ##lab
iobroker,iob ##roke ##r
erick,eric ##k
nvd,nv ##d
trinitycore,tri ##nit ##yc ##ore
ranger,range ##r
afs,af ##s
ath9k,ath ##9k
bgpd,bg ##pd
peng,pen ##g
cma,cm ##a
joi,jo ##i
icinga,icing ##a
wail,wai ##l
ffffffffa0,ffffffff ##a0
l24,l2 ##4
gofmt,gof ##mt
ddc,dd ##c
1810,181 ##0
gmx,gm ##x
rclone,rc ##lon ##e
unpkg,unp ##kg
softwaref,software ##f
jaeger,ja ##eger
scylla,sc ##yll ##a
monode,mono ##de
abac,aba ##c
cloudforms,cloudf ##orm ##s
lj,l ##j
ufo,uf ##o
generatedmethodaccessor,generated ##method ##accessor
mautic,ma ##ut ##ic
mavlink,mav ##link
vapor,va ##por
yosh,yo ##sh
manj,man ##j
arth,art ##h
khr,kh ##r
leetcode,lee ##tc ##ode
1844,184 ##4
buildtypeid,build ##typeid
pravega,pra ##ve ##ga
instructure,instruct ##ure
nvme,nvm ##e
1486,148 ##6
rcnn,rc ##nn
telegraf,tele ##graf
snowleopard,snow ##leo ##par ##d
osu,os ##u
fgpv,fg ##pv
kolibri,kol ##ib ##ri
slc6,sl ##c6
dapp,da ##pp
mesosphere,mesos ##phere
psc,ps ##c
hts,ht ##s
advertis,advert ##is
sai,sa ##i
imprecisions,imprecision ##s
iotex,iot ##ex
py35,py3 ##5
mosa,mos ##a
8a808,8a ##808
rbd,rb ##d
armv7l,armv7 ##l
yunionio,yu ##nion ##io
qubesos,qu ##bes ##os
hmr,hm ##r
y29yzs,y2 ##9 ##yz ##s
ms16,ms1 ##6
kicad,ki ##cad
nzb,nz ##b
autolink,autol ##ink
espressif,esp ##ress ##if
hcd,hc ##d
l23,l2 ##3
jitsi,jit ##si
fbs,fb ##s
paperhive,paper ##hive
defaultm,default ##m
cfg80211,cfg ##80211
worksho,worksh ##o
tah,ta ##h
nits,nit ##s
1614,161 ##4
preinstall,pre ##install
prisma,prism ##a
alenapets,ale ##nap ##ets
alenapetsyeva,ale ##nap ##ets ##ye ##va
yegor,ye ##gor
faction,fact ##ion
softwarefactory,software ##factory
paket,pak ##et
tux,tu ##x
torto,tort ##o
xcuitest,xc ##uitest
babylon,baby ##lon
frant,fran ##t
wallaby,wall ##aby
finn,fin ##n
lith,lit ##h
fallout,fall ##out
tempest,temp ##est
bdi,bd ##i
gopher,gop ##her
liz,li ##z
slurm,sl ##urm
shen,she ##n
mothership,mother ##ship
0xa0,0xa ##0
eran,era ##n
naver,nave ##r
intgdc,int ##gd ##c
thyme,thy ##me
metasp,metas ##p
gav,ga ##v
l32,l3 ##2
citiz,cit ##iz
semih,semi ##h
rul,ru ##l
homekit,home ##kit
bildschirm,bild ##sch ##irm
0xc000,0xc0 ##00
deskt,desk ##t
intrus,intr ##us
mne,mn ##e
broadinstitute,broad ##inst ##itute
botocore,boto ##core
lmp,lm ##p
ctc,ct ##c
vmb,vm ##b
1149,114 ##9
bildschirmfoto,bild ##sch ##irm ##fo ##to
godeps,god ##eps
sandia,sand ##ia
eet,ee ##t
libretro,libre ##tr ##o
darteditor,dart ##editor
cwe,cw ##e
withrouter,with ##router
20send,20s ##end
zerocracy,zero ##cr ##acy
amar,am ##ar
easybuild,easy ##build
uwm,uw ##m
scaleup,scale ##up
apiv1orgsiddelete,api ##v1 ##org ##sid ##delete
dfrac,df ##rac
eact,eac ##t
ket,ke ##t
ehci,eh ##ci
npcs,npc ##s
biomes,biom ##es
10r1,10 ##r1
l22,l2 ##2
2fh,2f ##h
exceptionservices,exceptions ##ervices
manjaro,man ##jar ##o
rkt,rk ##t
sheriff,sher ##iff
ladas,lad ##as
1184,118 ##4
chg,ch ##g
uiprocess,uip ##rocess
kraken,kr ##aken
colab,cola ##b
libp2p,libp ##2p
dasm,das ##m
20can,20 ##can
monos,mono ##s
dumprend,dump ##rend
folly,foll ##y
epsft,eps ##ft
nopt,nop ##t
sofa,sof ##a
mfd,mf ##d
comedi,come ##di
jitstress2,jit ##str ##ess ##2
emman,emma ##n
tidyverse,tidy ##verse
kis,ki ##s
yegor256,ye ##gor ##256
retriever,retrieve ##r
extruder,extr ##uder
reflectivecallable,reflective ##callable
blockstack,blocks ##tac ##k
unfam,unf ##am
ic2,ic ##2
clement,cle ##ment
waz,wa ##z
council,coun ##cil
zm,z ##m
tokio,tok ##io
influxdata,influx ##data
avx512,avx ##512
veclib,vec ##lib
officedocs,office ##docs
oof,oo ##f
isystem,is ##ystem
habitat,habit ##at
spinnaker,spin ##na ##ker
inks,ink ##s
ttbar,tt ##bar
huang,hu ##ang
frantisek,fran ##tis ##ek
mdp,md ##p
gammu,gam ##mu
easyconfigs,easy ##configs
mr1,mr ##1
azurermps,azurerm ##ps
1187,118 ##7
nodegh,node ##gh
ioth,iot ##h
2607,260 ##7
opentrons,opent ##ron ##s
sdc,sd ##c
pmu,pm ##u
pullrequestnum,pull ##request ##num
snapd,snap ##d
warrior,warr ##ior
oup,ou ##p
l21,l2 ##1
checkpatch,check ##patch
1153,115 ##3
l27,l2 ##7
stol,sto ##l
ensemb,ens ##emb
jboss71,jboss ##71
apollograph,apollo ##graph
0xb0,0xb ##0
gogs,go ##gs
neos,neo ##s
ieee80211,ieee ##80211
monero,mon ##ero
mtr,mt ##r
1554,155 ##4
1138,113 ##8
ns7,ns ##7
rdma,rd ##ma
zipkin,zip ##kin
samtools,sam ##tools
2findex,2f ##index
restic,rest ##ic
mantle,mant ##le
digium,digi ##um
1aj,1a ##j
supertest,super ##test
foam,fo ##am
ozone,oz ##one
catapult,cat ##ap ##ult
kalt,kal ##t
milos,mil ##os
federal,fed ##eral
hrl,hr ##l
exceptiondispatchinfo,exception ##dispatch ##info
smarth,smart ##h
barri,bar ##ri
styleci,style ##ci
dwarf2,dwarf ##2
magisk,mag ##isk
orchestrator,orchest ##rator
blockly,block ##ly
1130,113 ##0
z5,z ##5
untransl,untrans ##l
exploitability,exploit ##ability
bulma,bul ##ma
zalando,za ##land ##o
agrave,agr ##ave
qtwidgets,qt ##widgets
surn,sur ##n
lxqt,lx ##qt
ingame,ing ##ame
provin,prov ##in
canal,can ##al
7ff,7f ##f
worldserver,worlds ##erver
evm,ev ##m
whee,whe ##e
1134,113 ##4
rapid7,rapid ##7
redes,rede ##s
1116,111 ##6
konstantinos,kon ##stant ##inos
metasploit,metas ##ploit
emote,em ##ote
1474,147 ##4
githubpost,github ##post
msm89,msm ##89
piz,pi ##z
jup,ju ##p
serenity,ser ##enity
l25,l2 ##5
dbeaver,db ##ea ##ver
ahmad,ah ##mad
20name,20 ##name
conso,cons ##o
100644,1006 ##44
bingads,bing ##ads
nerv,ner ##v
1186,118 ##6
ovs,ov ##s
uchi,uc ##hi
8a80808a657aacf801657ab17ca30000,8a ##8080 ##8a ##65 ##7a ##ac ##f8 ##016 ##57 ##ab ##17 ##ca ##3000 ##0
xu,x ##u
gcstress,gcs ##tre ##ss
semihourly,semi ##hour ##ly
1124,112 ##4
hesit,hes ##it
calibre,calib ##re
1517,151 ##7
dap,da ##p
1058,105 ##8
advisories,advisor ##ies
1057,105 ##7
snowfl,snow ##fl
centreon,centre ##on
jir,ji ##r
zt,z ##t
daedalus,dae ##dal ##us
saltstack,salts ##tac ##k
sidecar,side ##car
intercom,inter ##com
storagedrawers,storage ##drawer ##s
32m,32 ##m
yows,yo ##ws
l29,l2 ##9
hellip,hell ##ip
ndash,nda ##sh
rendert,render ##t
fedoraproject,fedora ##project
kz,k ##z
86o,86 ##o
pyeval,py ##eval
vili,vi ##li
apollographql,apollo ##graph ##ql
darknet,dark ##net
kubecd,kube ##cd
hackathon,hack ##athon
ajv,aj ##v
sina,sin ##a
klein,kle ##in
2fb,2f ##b
923o,923 ##o
logg,log ##g
cloudc,cloud ##c
extractentry,extract ##entry
cfe,cf ##e
jerome,jer ##ome
yamllint,yaml ##lint
1027,102 ##7
1607,160 ##7
eks,ek ##s
badger,badge ##r
fenix,fen ##ix
bitkeeper,bit ##keeper
tian,tia ##n
testget,test ##get
l28,l2 ##8
mergeable,merge ##able
yowsup,yo ##ws ##up
protos,proto ##s
torture,tort ##ure
netkan,net ##kan
prismjs,prism ##js
kag,ka ##g
kip,ki ##p
reintrodu,reintrod ##u
synthtool,synth ##tool
l26,l2 ##6
emot,em ##ot
xarray,xa ##rray
1118,111 ##8
0xc420,0xc ##420
gek,ge ##k
fmlfileresourcepack,fm ##lf ##iler ##esource ##pack
julius,juli ##us
mobilenet,mobile ##net
dnf,dn ##f
1117,111 ##7
2fmo,2f ##mo
dynamics365,dynamics ##365
gpt,gp ##t
crd,cr ##d
c3jjl21haw4vamf2ys9jb20,c3 ##jj ##l2 ##1 ##ha ##w4 ##va ##mf ##2 ##ys ##9 ##jb ##20
syndes,synd ##es
l30,l3 ##0
thermost,therm ##ost
1804,180 ##4
vad,va ##d
g0,g ##0
vive,viv ##e
updatet,update ##t
lwip,lw ##ip
deeps,deep ##s
verd,ver ##d
ooops,ooo ##ps
netif,net ##if
pok,po ##k
syndesis,synd ##esis
jiri,ji ##ri
autoscaler,autoscale ##r
dune,dun ##e
abstracttestrule,abstract ##test ##rule
2fr,2f ##r
3as11,3a ##s1 ##1
hwmon,hw ##mon
celebrate,celebr ##ate
201911,2019 ##11
bik,bi ##k
2fdefault,2f ##default
1194,119 ##4
arithmeticload,arithmetic ##load
xmr,xm ##r
enigma,en ##igma
qlc,ql ##c
at91,at ##91
17763,177 ##63
pybind,py ##bind
majord,major ##d
hosp,ho ##sp
hamm,ham ##m
texlive,tex ##live
1127,112 ##7
bcbio,bc ##bi ##o
toru,tor ##u
zwave,zw ##ave
milit,mil ##it
oreg,ore ##g
sap1d,sap ##1d
zotero,zo ##ter ##o
dangerjs,danger ##js
origs,orig ##s
dmlc,dml ##c
1809,180 ##9
docus,docu ##s
spm,sp ##m
popc,pop ##c
waiver,wai ##ver
loadcontroller,loadcontrol ##ler
rtx,rt ##x
ae2,ae ##2
elite,elit ##e
l34,l3 ##4
freelist,freel ##ist
1037,103 ##7
1553,155 ##3
mck,mc ##k
1504,150 ##4
viliam,vi ##lia ##m
1159,115 ##9
yade,yad ##e
hacktober,hack ##tobe ##r
svt,sv ##t
wallets,wallet ##s
2fabout,2fa ##bo ##ut
origsvn,orig ##svn
inotifyevent,inotify ##event
wot,wo ##t
rin,ri ##n
theod,the ##od
yarnpkg,yarn ##pkg
alc,al ##c
dps,dp ##s
codebuild,code ##build
theia,the ##ia
1407,140 ##7
rtl8,rtl ##8
kaltura,kal ##tu ##ra
untranslated,untrans ##lated
tileentity,tile ##entity
1154,115 ##4
bazelbuild,bazel ##build
schematics,schematic ##s
expens,exp ##ens
1214,121 ##4
037,03 ##7
gluon,glu ##on
tasmota,tasm ##ota
webprocess,webp ##rocess
berg,ber ##g
0x1b,0x1 ##b
rultor,ru ##lt ##or
ld7,ld ##7
luarocks,lua ##rocks
heig,he ##ig
trut,tru ##t
snooze,sno ##oz ##e
sltapproved,sl ##tap ##prov ##ed
hikar,hi ##kar
tidal,tid ##al
spdx,spd ##x
redeems,redeem ##s
obo,ob ##o
cfme,cfm ##e
python35,python3 ##5
skipuptod,skip ##upt ##od
sweetalert,sweet ##alert
c3jjl0,c3 ##jj ##l0
iwlwifi,iw ##lw ##ifi
cardref,card ##ref
reorg,re ##org
hou,ho ##u
cattle,cat ##tle
isot,iso ##t
13326,133 ##26
1018,101 ##8
deis,de ##is
oro,or ##o
tinebase,tin ##eba ##se
simplepluginmanager,simple ##pluginmanager
dumprendertree,dump ##render ##tree
ppc64le,ppc ##64 ##le
podman,pod ##man
2346,234 ##6
ftb,ft ##b
marshm,marsh ##m
1803,180 ##3
apiversion,api ##version
multibody,multib ##ody
1503,150 ##3
blt,bl ##t
1029,102 ##9
gdpr,gdp ##r
cofhcore,co ##fh ##core
1094,109 ##4
deads,dead ##s
2fmocha,2f ##mo ##cha
tribble,tri ##bble
artsy,arts ##y
adri,adr ##i
brocc,bro ##cc
keyvault,key ##vault
12276,122 ##76
glusterfs,gluster ##fs
sequoia,sequ ##oi ##a
assertt,assert ##t
crayon,cray ##on
aliyun,ali ##yu ##n
clap,cla ##p
stephane,stephan ##e
kubeconfig,kube ##config
1177,117 ##7
pfn,pf ##n
2fsign,2fs ##ign
dentry,dent ##ry
20070,2007 ##0
typedoc,typed ##oc
logarith,log ##ari ##th
javaplugin,javap ##lugin
rach,rac ##h
1106,110 ##6
libqt5,libqt ##5
fra,fr ##a
rudolf,rud ##olf
xil,xi ##l
brut,bru ##t
ake,ak ##e
domotic,dom ##otic
42949,429 ##49
zephyrproject,ze ##phy ##rp ##roject
buildtools,build ##tools
l33,l3 ##3
xim,xi ##m
ibb,ib ##b
wildfly110,wildfly ##110
tpm2,tpm ##2
terser,terse ##r
purescript,pure ##script
tapjs,tap ##js
joao,jo ##ao
trustdomain,trust ##domain
door43,door ##43
lamm,lam ##m
hacktoberfest,hack ##tobe ##rf ##est
armory,armor ##y
1079,107 ##9
zncloud,zn ##cloud
1506,150 ##6
1137,113 ##7
rchain,rc ##hai ##n
weblogic121,weblogic ##121
thc,th ##c
aircrack,air ##cr ##ack
q78,q ##78
builder4,builder ##4
racetest,race ##test
6042,604 ##2
20from,20 ##from
uef,ue ##f
displaystyle,displays ##tyle
nur,nu ##r
fillup,fill ##up
lockdep,lock ##dep
cognitiveservices,cognitive ##services
cobra,cob ##ra
trybot,try ##bot
moln,mol ##n
ucx,uc ##x
l31,l3 ##1
mitodl,mit ##od ##l
assertionfailederror,assertion ##failed ##error
majordomo,major ##dom ##o
realsense,reals ##ense
hearth,heart ##h
totem,tot ##em
onecloud,one ##cloud
libk,lib ##k
broccoli,bro ##ccoli
ceylon,ce ##yl ##on
kuzzle,ku ##zzle
captura,capt ##ura
zorro,zo ##rr ##o
mum,mu ##m
pokemongo,pokemon ##go
securityadvisoriesand,security ##advisor ##ies ##and
moar,mo ##ar
galactic,gala ##ct ##ic
pacl,pac ##l
francois,franc ##ois
sway,sw ##ay
cheng,chen ##g
memes,meme ##s
sio,si ##o
tablerow0,tablerow ##0
jana,jan ##a
13326548,133 ##265 ##48
turbol,turbo ##l
phase3,phase ##3
fidel,fid ##el
cp12,cp1 ##2
6787,678 ##7
openembedded,opene ##mb ##edded
deads2k,dead ##s2 ##k
20with,20 ##with
skript,sk ##ript
handlecallback,handle ##callback
gooddata,good ##data
40angular,40 ##angular
loom,loo ##m
legion,leg ##ion
missions,mission ##s
krz,kr ##z
compilejava,compile ##java
hrtimer,hr ##timer
dointersection,doin ##ters ##ection
cce,cc ##e
ipodtouch,ipod ##touch
2fsemantic,2fs ##eman ##tic
reborn,reb ##orn
1036,103 ##6
uaa,ua ##a
mergebot,merge ##bot
cta,ct ##a
colony,colon ##y
omb,om ##b
vpg,vp ##g
1344,134 ##4
ecran,ec ##ran
dointersectionprivilege,doin ##ters ##ection ##privilege
gregor,greg ##or
1512,151 ##2
imgui,img ##ui
responset,response ##t
2fsigncla,2fs ##ign ##cl ##a
smc,sm ##c
defaultchannel,default ##channel
gru,gr ##u
kentcdodds,kent ##cd ##odd ##s
aten,ate ##n
1087,108 ##7
graal,gra ##al
molnar,mol ##nar
hppa,hpp ##a
ethers,ether ##s
bmc,bm ##c
pyb,py ##b
ipadair,ipad ##air
wak,wa ##k
l37,l3 ##7
forese,fores ##e
biome,biom ##e
6874,687 ##4
nativ,nat ##iv
buglink,bug ##link
runtests,runtest ##s
dlc,dl ##c
miniconda,minic ##onda
cilium,cil ##ium
hed,he ##d
tinyerp,tiny ##erp
skipuptodatet,skip ##upt ##odate ##t
skipuptodatetaskexecuter,skip ##upt ##odate ##taskexecuter
dda,dd ##a
wqthread,wq ##thread
resty,rest ##y
1174,117 ##4
wazuh,wa ##zu ##h
r16,r1 ##6
uclib,ucl ##ib
1487,148 ##7
20cant,20 ##can ##t
agones,ago ##nes
preview1,preview ##1
webkitpy,webkit ##py
2f2,2f ##2
sunpy,sun ##py
codechicken,codec ##hic ##ken
libart,libar ##t
nanose,nanos ##e
gbif,gb ##if
distrol,distro ##l
l36,l3 ##6
zigbee2mqtt,zigbee ##2m ##qtt
miklos,mik ##los
u64,u ##64
expensify,exp ##ens ##ify
â”œâ”€,â”œ ##â”€
remedi,remed ##i
ebuild,eb ##uild
1552,155 ##2
orgorg,org ##org
ralf,ra ##lf
mysticatea,myst ##icate ##a
mack,mac ##k
nodemcu,node ##mc ##u
godotengine,god ##ote ##ngine
coyot,co ##yo ##t
epos,epo ##s
pkgbuild,pkg ##build
gpm,gp ##m
frederic,fred ##eric
cpuidle,cpuid ##le
oslo,os ##lo
afl,af ##l
1257,125 ##7
domoticz,dom ##otic ##z
scriptdroid,script ##droid
kop,ko ##p
runc,run ##c
1086,108 ##6
silo,sil ##o
jbos,jb ##os
1192,119 ##2
distroless,distro ##less
kav,ka ##v
2fe,2f ##e
aries,ari ##es
ycm,yc ##m
voyager,voy ##ager
phos,ph ##os
1357,135 ##7
1550,155 ##0
gdbarch,gdb ##arch
1077,107 ##7
emc,em ##c
nac,na ##c
freec,free ##c
inferno,infer ##no
rodrig,rod ##rig
healing,heal ##ing
weex,wee ##x
1520,152 ##0
eslintrc,eslint ##rc
20060,2006 ##0
libopen,lib ##open
1104,110 ##4
vendored,vendor ##ed
pluginmanager,plugin ##manager
scenery,scene ##ry
1133,113 ##3
arke,ark ##e
alberto,albert ##o
fzf,f ##zf
softirq,soft ##ir ##q
slta,sl ##ta
nagashima,nag ##ashi ##ma
provenance,proven ##ance
3aopen,3a ##open
crypton,crypto ##n
lnd,ln ##d
juraj,jur ##aj
1577,157 ##7
gatk,gat ##k
contao,cont ##ao
arach,ar ##ach
topcoder,top ##coder
cag,ca ##g
bff,bf ##f
jules,jul ##es
ucd,uc ##d
0x44,0x4 ##4
npx,np ##x
slic3r,slic ##3r
adacore,ada ##core
xfer,xf ##er
dimitrios,dimit ##rio ##s
libsodium,libs ##odium
20is,20 ##is
thefor,the ##for
executeactions,execute ##actions
rundeck,rund ##eck
iothub,iot ##hub
1330,133 ##0
timber,tim ##ber
iov,io ##v
hdt,hd ##t
projectred,project ##red
ngs,ng ##s
depreci,deprec ##i
1167,116 ##7
moses,mos ##es
cgfja2fnzxmv,cg ##fj ##a2 ##fn ##zx ##mv
extraspacing,extras ##pacing
90d,90 ##d
l35,l3 ##5
tron,tro ##n
altjit,alt ##jit
invokechannelread,invoke ##channel ##read
kov,ko ##v
zeal,ze ##al
pingcap,ping ##cap
ose,os ##e
inven,inv ##en
kmatrixcleanup,km ##atrix ##cleanup
goserver,gos ##erver
kro,kr ##o
nash,nas ##h
freerdp,freer ##dp
crrev,cr ##rev
testbody,testb ##ody
rui,ru ##i
mantid,mant ##id
ev3,ev ##3
1132,113 ##2
1524,152 ##4
mister,mist ##er
coal,coa ##l
gog,go ##g
36m,36 ##m
csl,cs ##l
1564,156 ##4
elv,el ##v
vp9,vp ##9
superagent,super ##agent
prbuilds,pr ##build ##s
objectivecbrid,objectivec ##brid
gratipay,grat ##ipay
lammps,lam ##mp ##s
plur,pl ##ur
1083,108 ##3
pbr,pb ##r
uclibc,ucl ##ibc
5c2017,5c ##2017
scrolledwidgets,scrolled ##widgets
scrolledwidgetspane,scrolled ##widgets ##pane
melee,mel ##ee
brevent,brev ##ent
reorganization,reorgan ##ization
carto,cart ##o
hyperv,hyper ##v
omap2,omap ##2
1903,190 ##3
enk,en ##k
neb,ne ##b
realtek,real ##tek
silva,sil ##va
makeroid4,maker ##oid ##4
1038,103 ##8
1467,146 ##7
theforeman,the ##fore ##man
ifc,if ##c
1534,153 ##4
spanner,span ##ner
yak,ya ##k
apiv1abac,api ##v1 ##aba ##c
bioconda,bio ##cond ##a
nouveau,no ##uv ##ea ##u
indetermin,inde ##termin
macios,mac ##ios
osrm,osr ##m
viny,vin ##y
gleixner,gle ##ix ##ner
bwg,bw ##g
lukast,lukas ##t
1544,154 ##4
1240,124 ##0
elder,el ##der
2fmicrosoft,2f ##micro ##soft
dvc,dv ##c
tine20,tin ##e2 ##0
normaltbl,normal ##tbl
runnableadapter,runnable ##adapter
openthread,opent ##hread
manus,manu ##s
scion,sci ##on
seld,sel ##d
eld,el ##d
camo,cam ##o
arkecosystem,ark ##eco ##system
1093,109 ##3
folio,fol ##io
l38,l3 ##8
resolvetask,resolve ##task
hrlp,hr ##lp
5c6,5c ##6
r27,r2 ##7
4294967,429496 ##7
2530,253 ##0
2427,242 ##7
dasmoto,das ##mo ##to
wsd,ws ##d
1199,119 ##9
webdriveragent,webdriver ##agent
questionna,question ##na
hyst,hy ##st
hansen,hans ##en
824878459,824 ##87 ##845 ##9
1147,114 ##7
zenhubusercontent,zen ##hub ##usercontent
isra,isr ##a
kfree,k ##free
qtox,qt ##ox
1144,114 ##4
ycmd,yc ##md
iotcore,iot ##core
dmi,dm ##i
mml,mm ##l
lukastaegert,lukas ##ta ##eger ##t
taskexecution,task ##execution
1532,153 ##2
unescap,unesc ##ap
crbug,cr ##bug
nimble,nim ##ble
viro,vir ##o
ipmi,ip ##mi
texinfo,tex ##info
gian,gi ##an
l40,l4 ##0
vphantom,vp ##han ##tom
javam,java ##m
imes,ime ##s
fixups,fixup ##s
1604,160 ##4
sonarr,sonar ##r
l39,l3 ##9
ests,est ##s
brainst,brains ##t
luigi,lu ##igi
smarterclayton,smarter ##cl ##ay ##ton
1288,128 ##8
fernando,fern ##ando
kokkos,ko ##kk ##os
ges,ge ##s
getsentry,gets ##entry
02mb,02 ##mb
fanboy,fan ##boy
1156,115 ##6
